Date,GOOGLE,META,TESLA,MSFT
2025-04-03,163.11911,608.0195,277.1119,381.11502
2025-04-04,161.81342,603.8858,274.78314,378.6255
2025-04-07,160.13054,597.34357,266.9701,373.88287
2025-04-08,158.39449,589.8861,256.08508,368.50992
2025-04-09,156.57759,581.8885,243.1823,363.23947
2025-04-10,155.68034,577.05707,239.90465,365.74365
2025-04-11,155.11484,573.031,239.7188,370.50323
2025-04-14,155.0413,569.67755,241.66573,377.11057
2025-04-15,155.41316,566.41547,244.75864,383.36295
2025-04-16,155.88309,562.92444,248.48479,387.75735
2025-04-17,156.1895,558.6001,249.86967,387.4513
2025-04-21,156.23183,553.83276,249.62108,383.8159
2025-04-22,155.88318,548.24805,246.01715,377.32425
2025-04-23,155.53468,542.99536,242.79378,371.89435
2025-04-24,155.43594,539.0483,242.53828,369.44434
2025-04-25,155.73453,536.74646,245.71921,371.57767
2025-04-28,156.42026,536.30084,255.0806,376.80377
2025-04-29,157.23254,537.2733,266.98022,382.68753
2025-04-30,158.05086,539.3732,279.61017,388.36356
2025-05-01,158.74612,541.90936,288.60654,392.99756
2025-05-02,159.42482,545.5748,293.34842,402.0111
2025-05-05,160.22757,550.87244,295.6993,413.5039
2025-05-06,161.07623,557.15125,294.64938,424.0946
2025-05-07,161.85107,563.3147,290.6248,431.22266
2025-05-08,161.78857,569.48517,285.49902,434.76123
2025-05-09,161.3521,575.4013,282.05005,436.37274
2025-05-12,160.61693,580.628,282.6247,436.49966
2025-05-13,160.04768,587.0837,289.3281,437.8382
2025-05-14,159.70976,594.7885,301.70667,439.39145
2025-05-15,159.90436,603.16754,318.16623,441.50543
2025-05-16,160.35785,610.98914,333.2564,443.4935
2025-05-19,161.0735,617.90454,346.11697,445.24902
2025-05-20,161.9389,623.857,353.4208,447.48975
2025-05-21,162.69179,628.7235,356.1119,449.37622
2025-05-22,163.60054,632.5531,353.3617,449.5405
2025-05-23,164.6665,635.54407,348.93362,449.29526
2025-05-27,165.6252,637.4403,343.74597,447.92853
2025-05-28,166.71298,639.1456,343.6688,448.52875
2025-05-29,167.77971,640.7087,345.36923,449.365
2025-05-30,168.73979,642.19086,348.19565,450.52872
2025-06-02,169.56143,643.66797,348.77698,452.02283
2025-06-03,170.09146,646.0539,347.21188,453.74982
2025-06-04,170.23802,648.7988,345.0087,455.46402
2025-06-05,170.22607,652.55054,340.43405,457.00186
2025-06-06,170.14015,656.68164,326.13245,458.9144
2025-06-09,170.3228,661.42426,310.98306,461.15323
2025-06-10,170.83815,666.20575,300.6248,463.55185
2025-06-11,171.68631,671.1283,298.4383,465.0791
2025-06-12,172.62674,675.5664,301.94238,466.14362
2025-06-13,173.45627,679.4279,307.21902,468.00766
2025-06-16,174.09074,682.27295,314.0884,468.97208
2025-06-17,174.6778,685.0748,321.59973,470.1402
2025-06-18,175.15352,687.51306,325.73346,470.85953
2025-06-20,175.33247,689.5477,328.21033,471.64108
2025-06-23,174.93196,690.66766,329.1717,471.63937
2025-06-24,174.07616,691.77826,334.1777,473.08322
2025-06-25,173.08386,693.3893,338.95456,475.80203
2025-06-26,172.29666,695.1425,340.06595,479.0468
2025-06-27,171.87825,697.6392,338.2879,482.95407
2025-06-30,171.9647,700.8362,334.5094,485.934
2025-07-01,172.32693,704.5523,328.92294,488.03146
2025-07-02,172.81659,707.68066,319.91513,487.92932
2025-07-03,173.5245,710.02484,313.36285,486.45892
2025-07-07,174.37317,711.9235,309.3627,486.24353
2025-07-08,175.07672,713.3921,303.63095,486.4149
2025-07-09,175.49185,714.59705,298.76233,486.54056
2025-07-10,175.83784,716.06323,295.00656,488.15424
2025-07-11,176.17834,717.4213,295.3541,489.7155
2025-07-14,176.65251,718.2608,298.97052,491.34372
2025-07-15,177.2763,718.84674,304.76096,492.5619
2025-07-16,177.9773,718.7997,309.79794,493.90323
2025-07-17,178.72423,718.02374,315.64206,494.92392
2025-07-18,179.50829,716.7245,320.47202,496.8756
2025-07-21,180.34007,715.2477,325.77924,498.4344
2025-07-22,181.46313,714.0812,330.08234,499.4254
2025-07-23,182.76253,712.8607,333.59787,498.79538
2025-07-24,184.05756,712.03357,335.92886,497.60516
2025-07-25,185.3662,711.564,331.5846,497.47458
2025-07-28,186.65007,711.28204,326.0583,498.52112
2025-07-29,187.7939,711.3443,322.49097,499.68005
2025-07-30,188.9541,710.91626,319.80878,500.67847
2025-07-31,190.11124,709.9774,317.7333,501.51654
2025-08-01,190.91574,711.9017,314.3395,506.60147
2025-08-04,191.26343,714.73145,309.74414,510.4457
2025-08-05,191.64275,719.1613,306.57062,515.4107
2025-08-06,191.99469,723.9288,304.77957,517.80524
2025-08-07,192.4097,729.04016,306.39105,517.6317
2025-08-08,192.86443,733.7022,310.34375,515.1465
2025-08-11,193.61009,738.1214,316.56705,512.2652
2025-08-12,194.47044,742.0036,324.97308,509.73645
2025-08-13,195.50487,746.30066,333.58142,509.67554
2025-08-14,196.5153,750.26746,340.4257,508.96585
2025-08-15,197.49149,753.919,344.0824,508.67194
2025-08-18,198.44585,757.3,343.98877,508.1926
2025-08-19,199.28534,759.61926,342.41068,507.131
2025-08-20,199.88629,760.47363,338.8879,504.4676
2025-08-21,200.15372,760.1339,333.67108,500.81293
2025-08-22,200.21448,758.6471,327.57706,497.25113
2025-08-25,200.50987,757.09406,325.92322,495.30148
2025-08-26,201.09036,755.5192,328.52448,494.06546
2025-08-27,201.75005,754.0668,334.32956,493.13174
2025-08-28,202.43599,752.5123,340.68848,493.7073
2025-08-29,203.34602,751.1256,345.53644,495.61664
2025-09-02,204.41095,749.41974,346.13617,497.1651
2025-09-03,205.41281,747.44025,343.15582,497.8533
2025-09-04,207.47151,745.4414,339.4675,497.9624
2025-09-05,210.17133,743.99207,336.85294,498.2692
2025-09-08,213.26553,743.1426,337.79633,495.6777
2025-09-09,216.34096,742.7466,339.8329,492.93134
2025-09-10,219.54498,743.2223,342.32736,490.70398
2025-09-11,222.58443,743.7106,344.81973,489.68588
2025-09-12,225.38507,744.14417,351.10632,489.68945
2025-09-15,227.87593,744.69183,364.08337,492.21967
2025-09-16,230.63542,745.6482,381.67154,496.6839
2025-09-17,233.3576,747.40924,401.1617,499.71085
2025-09-18,235.78116,749.5024,418.74466,501.51312
2025-09-19,238.00195,751.909,429.34714,501.8102
2025-09-22,240.11884,754.3293,435.27054,503.27945
2025-09-23,241.88095,756.10626,438.4761,504.07993
2025-09-24,243.26733,756.9611,437.03894,503.1513
2025-09-25,244.04276,757.34595,436.56357,501.7212
2025-09-26,244.30249,756.9105,431.99667,499.61392
2025-09-29,244.25534,755.73895,429.61252,498.63522
2025-09-30,243.84717,754.1091,429.39423,499.14917
2025-10-01,243.19556,751.8866,430.81674,501.09482
2025-10-02,242.56125,748.68915,436.27524,503.7546
2025-10-03,242.04144,745.3796,437.7675,505.29398
2025-10-06,241.63857,741.4804,435.4385,506.2754
2025-10-07,241.65393,737.59,436.6392,509.20435
2025-10-08,241.66782,733.7853,435.1303,511.30228
2025-10-09,241.58319,730.42505,433.78693,512.674
2025-10-10,241.2398,728.1694,432.16165,512.7182
2025-10-13,240.46413,725.6354,425.93918,509.457
2025-10-14,239.90411,723.4667,423.4017,505.9915
2025-10-15,239.61139,721.34015,422.08008,503.06525
2025-10-16,239.85469,719.7047,423.23642,501.11154
2025-10-17,240.43613,718.25,424.338,499.7926
2025-10-20,241.31438,717.18616,427.67413,499.65598
2025-10-21,242.5177,717.0517,433.52005,500.95975
2025-10-22,243.49341,717.5999,438.63138,502.96915
2025-10-23,244.32932,718.598,441.47745,505.5754
2025-10-24,245.08437,719.8726,444.59598,507.8845
2025-10-27,246.14975,721.4412,443.65393,510.16354
2025-10-28,247.91571,723.6297,444.66537,513.59766
2025-10-29,249.91484,726.1543,448.23828,519.08606
2025-10-30,252.34348,728.79675,452.6939,524.0474
2025-10-31,255.28319,727.92773,451.79614,523.82166
2025-11-03,258.33417,723.9576,451.6532,519.1774
2025-11-04,261.38263,717.5571,454.45352,513.11774
2025-11-05,263.83548,709.3589,452.80377,507.0784
2025-11-06,266.14886,700.68585,452.9892,500.91757
2025-11-07,268.23517,691.41956,450.38998,494.0787
2025-11-10,269.68628,682.3339,443.0827,488.6294
2025-11-11,271.30762,674.2294,438.1071,487.32785
2025-11-12,272.98257,667.00507,434.21368,489.2562
2025-11-13,274.31717,659.99365,429.89276,493.20587
2025-11-14,274.83807,653.48865,420.1015,495.7209
2025-11-17,274.68054,647.59796,409.8928,498.54758
2025-11-18,274.6317,642.0843,402.59198,500.21414
2025-11-19,274.6105,636.8943,397.01254,497.82922
2025-11-20,275.11386,631.8444,394.42758,492.4528
2025-11-21,275.7278,627.05963,392.52203,484.83304
2025-11-24,276.97302,622.8741,390.79865,476.44644
2025-11-25,279.67343,620.06635,395.40698,469.99368
2025-11-26,283.4082,619.29767,403.37564,466.695
2025-11-28,287.32886,619.8681,413.5205,467.74457
2025-12-01,291.07394,621.92676,423.7728,472.4106
2025-12-02,294.11905,624.6012,431.9429,476.93936
2025-12-03,296.55313,627.8117,436.82925,481.17368
2025-12-04,298.6965,630.9008,442.41095,481.56717
2025-12-05,300.35806,634.64606,448.6393,480.5101
2025-12-08,301.82904,639.13934,453.7444,479.27203
2025-12-09,302.6028,643.66455,453.30582,479.7994
2025-12-10,303.09848,647.5896,450.71365,481.2396
2025-12-11,303.5746,650.6208,448.47476,479.8719
2025-12-12,303.55933,652.9869,445.63235,478.43567
2025-12-15,303.05753,654.42896,445.64047,476.1237
2025-12-16,302.21417,655.3093,450.92548,473.0903
2025-12-17,301.12106,656.1654,461.5519,470.7117
2025-12-18,299.36267,656.664,467.88815,469.16583
