Date,msft,google,meta,tesla
19-08-2022,286.1499939,118.1200027,167.9600067,296.6666565
22-08-2022,277.75,115.0699997,163.0500031,289.9133301
23-08-2022,276.4400024,114.7699966,161.1100006,296.4533386
24-08-2022,275.7900085,114.6999969,163.2599945,297.0966797
25-08-2022,278.8500061,117.6999969,168.7799988,296.0700073
26-08-2022,268.0899963,111.3000031,161.7799988,288.0899963
29-08-2022,265.230011,110.3399963,159.1699982,284.8200073
30-08-2022,262.9700012,109.9100037,157.1600037,277.7000122
31-08-2022,261.4700012,109.1500015,162.9299927,275.6099854
01-09-2022,260.3999939,110.5500031,165.3600006,277.1600037
02-09-2022,256.0599976,108.6800003,160.3200073,270.2099915
06-09-2022,253.25,107.4800034,158.5399933,274.4200134
07-09-2022,258.0899963,110.4800034,160.3899994,283.7000122
08-09-2022,258.519989,109.4199982,162.0599976,289.2600098
09-09-2022,264.4599915,111.7799988,169.1499939,299.6799927
12-09-2022,266.6499939,111.8700027,168.9600067,304.4200134
13-09-2022,251.9900055,105.3099976,153.1300049,292.1300049
14-09-2022,252.2200012,105.8700027,151.4700012,302.6099854
15-09-2022,245.3800049,103.9000015,149.5500031,303.75
16-09-2022,244.7400055,103.6299973,146.2899933,303.3500061
19-09-2022,244.5200043,103.8499985,148.0200043,309.0700073
20-09-2022,242.4499969,101.8300018,146.0899963,308.730011
21-09-2022,238.9499969,100.0100021,142.1199951,300.7999878
22-09-2022,240.9799957,100.5699997,142.8200073,288.5899963
23-09-2022,237.9199982,99.16999817,140.4100037,275.3299866
26-09-2022,237.4499969,98.80999756,136.3699951,276.0100098
27-09-2022,236.4100037,98.08999634,134.3999939,282.9400024
28-09-2022,241.0700073,100.7399979,141.6100006,287.8099976
29-09-2022,237.5,98.08999634,136.4100037,268.2099915
30-09-2022,232.8999939,96.15000153,135.6799927,265.25
03-10-2022,240.7400055,99.30000305,138.6100006,242.3999939
04-10-2022,248.8800049,102.4100037,140.2799988,249.4400024
05-10-2022,249.1999969,102.2200012,138.9799957,240.8099976
06-10-2022,246.7899933,102.2399979,139.0700073,238.1300049
07-10-2022,234.2400055,99.56999969,133.4499969,223.0700073
10-10-2022,229.25,98.70999908,133.7899933,222.9600067
11-10-2022,225.4100037,98.05000305,128.5399933,216.5
12-10-2022,225.75,98.30000305,127.5,217.2400055
13-10-2022,234.2400055,99.70999908,130.2899933,221.7200012
14-10-2022,228.5599976,97.18000031,126.7600021,204.9900055
17-10-2022,237.5299988,100.7799988,134.0399933,219.3500061
18-10-2022,238.5,101.3899994,132.8000031,220.1900024
19-10-2022,236.4799957,100.2900009,133.2299957,222.0399933
20-10-2022,236.1499939,100.5299988,131.5299988,207.2799988
21-10-2022,242.1199951,101.4800034,130.0099945,214.4400024
24-10-2022,247.25,102.9700012,129.7200012,211.25
25-10-2022,250.6600037,104.9300003,137.5099945,222.4199982
26-10-2022,231.3200073,94.81999969,129.8200073,224.6399994
27-10-2022,226.75,92.59999847,97.94000244,225.0899963
28-10-2022,235.8699951,96.58000183,99.19999695,228.5200043
31-10-2022,232.1300049,94.66000366,93.16000366,227.5399933
01-11-2022,228.1699982,90.5,95.19999695,227.8200073
02-11-2022,220.1000061,87.06999969,90.54000092,214.9799957
03-11-2022,214.25,83.48999786,88.91000366,215.3099976
04-11-2022,221.3899994,86.69999695,90.79000092,207.4700012
07-11-2022,227.8699951,88.65000153,96.72000122,197.0800018
08-11-2022,228.8699951,88.91000366,96.47000122,191.3000031
09-11-2022,224.5099945,87.40000153,101.4700012,177.5899963
10-11-2022,242.9799957,94.16999817,111.8700027,190.7200012
11-11-2022,247.1100006,96.73000336,113.0199966,195.9700012
14-11-2022,241.5500031,96.02999878,114.2200012,190.9499969
15-11-2022,241.9700012,98.72000122,117.0800018,194.4199982
16-11-2022,241.7299957,98.98999786,113.2300034,186.9199982
17-11-2022,241.6799927,98.5,111.4499969,183.1699982
18-11-2022,241.2200012,97.80000305,112.0500031,180.1900024
21-11-2022,242.0500031,95.83000183,109.8600006,167.8699951
22-11-2022,245.0299988,97.33000183,111.4400024,169.9100037
23-11-2022,247.5800018,98.81999969,112.2399979,183.1999969
25-11-2022,247.4900055,97.59999847,111.4100037,182.8600006
28-11-2022,241.7599945,96.25,108.7799988,182.9199982
29-11-2022,240.3300018,95.44000244,109.4599991,180.8300018
30-11-2022,255.1399994,101.4499969,118.0999985,194.6999969
01-12-2022,254.6900024,101.2799988,120.4400024,194.6999969
02-12-2022,255.0200043,100.8300018,123.4899979,194.8600006
05-12-2022,250.1999969,99.87000275,122.4300003,182.4499969
06-12-2022,245.1199951,97.30999756,114.1200027,179.8200073
07-12-2022,244.3699951,95.15000153,113.9300003,174.0399933
08-12-2022,247.3999939,93.94999695,115.3300018,173.4400024
09-12-2022,245.4199982,93.06999969,115.9000015,179.0500031
12-12-2022,252.5099945,93.55999756,114.7099991,167.8200073
13-12-2022,256.9200134,95.84999847,120.1500015,160.9499969
14-12-2022,257.2200012,95.30999756,121.5899963,156.8000031
15-12-2022,249.0099945,91.19999695,116.1500015,157.6699982
16-12-2022,244.6900024,90.86000061,119.4300003,150.2299957
19-12-2022,240.4499969,89.15000153,114.4800034,149.8699951
20-12-2022,241.8000031,89.62999725,117.0899963,137.8000031
21-12-2022,244.4299927,90.25,119.7600021,137.5700073
22-12-2022,238.1900024,88.26000214,117.1200027,125.3499985
23-12-2022,238.7299957,89.80999756,118.0400009,123.1500015
27-12-2022,236.9600067,87.93000031,116.8799973,109.0999985
28-12-2022,234.5299988,86.45999908,115.6200027,112.7099991
29-12-2022,241.0099945,88.94999695,120.2600021,121.8199997
30-12-2022,239.8200073,88.73000336,120.3399963,123.1800003
03-01-2023,239.5800018,89.69999695,124.7399979,108.0999985
04-01-2023,229.1000061,88.70999908,127.3700027,113.6399994
05-01-2023,222.3099976,86.76999664,126.9400024,110.3399963
06-01-2023,224.9299927,88.16000366,130.0200043,113.0599976
09-01-2023,227.1199951,88.80000305,129.4700012,119.7699966
10-01-2023,228.8500061,89.23999786,132.9900055,118.8499985
11-01-2023,235.7700043,92.26000214,132.8899994,123.2200012
12-01-2023,238.5099945,91.91000366,136.7100067,123.5599976
13-01-2023,239.2299957,92.80000305,136.9799957,122.4000015
17-01-2023,240.3500061,92.16000366,135.3600006,131.4900055
18-01-2023,235.8099976,91.77999878,133.0200043,128.7799988
19-01-2023,231.9299927,93.91000366,136.1499939,127.1699982
20-01-2023,240.2200012,99.27999878,139.3699951,133.4199982
23-01-2023,242.5800018,101.2099991,143.2700043,143.75
24-01-2023,242.0399933,99.20999908,143.1399994,143.8899994
25-01-2023,240.6100006,96.73000336,141.5,144.4299927
26-01-2023,248,99.16000366,147.3000031,160.2700043
27-01-2023,248.1600037,100.7099991,151.7400055,177.8999939
30-01-2023,242.7100067,97.94999695,147.0599976,166.6600037
31-01-2023,247.8099976,99.87000275,148.9700012,173.2200012
01-02-2023,252.75,101.4300003,153.1199951,181.4100037
02-02-2023,264.6000061,108.8000031,188.7700043,188.2700043
03-02-2023,258.3500061,105.2200012,186.5299988,189.9799957
06-02-2023,256.769989,103.4700012,186.0599976,194.7599945
07-02-2023,267.5599976,108.0400009,191.6199951,196.8099976
08-02-2023,266.730011,100,183.4299927,201.2899933
09-02-2023,263.6199951,95.45999908,177.9199982,207.3200073
10-02-2023,263.1000061,94.86000061,174.1499939,196.8899994
13-02-2023,271.3200073,95,179.4299927,194.6399994
14-02-2023,272.1700134,94.94999695,179.4799957,209.25
15-02-2023,269.3200073,97.09999847,177.1600037,214.2400055
16-02-2023,262.1499939,95.77999878,172.4400024,202.0399933
17-02-2023,258.0599976,94.58999634,172.8800049,208.3099976
21-02-2023,252.6699982,92.05000305,172.0800018,197.3699951
22-02-2023,251.5099945,91.80000305,171.1199951,200.8600006
23-02-2023,254.7700043,91.06999969,172.0399933,202.0700073
24-02-2023,249.2200012,89.34999847,170.3899994,196.8800049
27-02-2023,250.1600037,90.09999847,169.5399933,207.6300049
28-02-2023,249.4199982,90.30000305,174.9400024,205.7100067
01-03-2023,246.2700043,90.51000214,173.4199982,202.7700043
02-03-2023,251.1100006,92.30999756,174.5299988,190.8999939
03-03-2023,255.2899933,94.01999664,185.25,197.7899933
06-03-2023,256.8699951,95.58000183,184.8999939,193.8099976
07-03-2023,254.1499939,94.16999817,184.5099945,187.7100067
08-03-2023,253.6999969,94.65000153,184.9700012,182
09-03-2023,252.3200073,92.66000366,181.6900024,172.9199982
10-03-2023,248.5899963,91.01000214,179.5099945,173.4400024
13-03-2023,253.9199982,91.66000366,180.8999939,174.4799957
14-03-2023,260.7900085,94.25,194.0200043,183.2599945
15-03-2023,265.4400024,96.55000305,197.75,180.4499969
16-03-2023,276.2000122,101.0699997,204.9299927,184.1300049
17-03-2023,279.4299927,102.4599991,195.6100006,180.1300049
20-03-2023,272.230011,101.9300003,197.8099976,183.25
21-03-2023,273.7799988,105.8399963,202.1600037,197.5800018
22-03-2023,272.2900085,104.2200012,199.8099976,191.1499939
23-03-2023,277.6600037,106.2600021,204.2799988,192.2200012
24-03-2023,280.5700073,106.0599976,206.0099945,190.4100037
27-03-2023,276.3800049,103.0599976,202.8399963,191.8099976
28-03-2023,275.230011,101.3600006,200.6799927,189.1900024
29-03-2023,280.5100098,101.9000015,205.3500061,193.8800049
30-03-2023,284.0499878,101.3199997,207.8399963,195.2799988
31-03-2023,288.2999878,104,211.9400024,207.4600067
03-04-2023,287.230011,104.9100037,213.0700073,194.7700043
04-04-2023,287.1799927,105.1200027,214.7200012,192.5800018
05-04-2023,284.3399963,104.9499969,211.4799957,185.5200043
06-04-2023,291.6000061,108.9000015,216.1000061,185.0599976
10-04-2023,289.3900146,106.9499969,214.75,184.5099945
11-04-2023,282.8299866,106.1200027,213.8500061,186.7899933
12-04-2023,283.4899902,105.2200012,214,180.5399933
13-04-2023,289.8399963,108.1900024,220.3500061,185.8999939
14-04-2023,286.1400146,109.4599991,221.4900055,185
17-04-2023,288.7999878,106.4199982,218.8600006,187.0399933
18-04-2023,288.3699951,105.1200027,217.8899994,184.3099976
19-04-2023,288.4500122,105.0199966,215.6999969,180.5899963
20-04-2023,286.1099854,105.9000015,213.0700073,162.9900055
21-04-2023,285.7600098,105.9100037,212.8899994,165.0800018
24-04-2023,281.769989,106.7799988,212.7899933,162.5500031
25-04-2023,275.4200134,104.6100006,207.5500031,160.6699982
26-04-2023,295.3699951,104.4499969,209.3999939,153.75
27-04-2023,304.8299866,108.3700027,238.5599976,160.1900024
28-04-2023,307.2600098,108.2200012,240.3200073,164.3099976
01-05-2023,305.5599976,107.7099991,243.1799927,161.8300018
02-05-2023,305.4100037,105.9800034,239.2400055,160.3099976
03-05-2023,304.3999939,106.1200027,237.0299988,160.6100006
04-05-2023,305.4100037,105.2099991,233.5200043,161.1999969
05-05-2023,310.6499939,106.2149963,232.7799988,170.0599976
08-05-2023,308.6499939,108.2399979,233.2700043,171.7899933
09-05-2023,307,107.9400024,233.3699951,169.1499939
10-05-2023,312.3099976,112.2799988,233.0800018,168.5399933
11-05-2023,310.1099854,116.9000015,235.7899933,172.0800018
12-05-2023,308.9700012,117.9199982,233.8099976,167.9799957
15-05-2023,309.4599915,116.9599991,238.8600006,166.3500061
16-05-2023,311.7399902,120.0899963,238.8200073,166.5200043
17-05-2023,314,121.4800034,242.4900055,173.8600006
18-05-2023,318.519989,123.5199966,246.8500061,176.8899994
19-05-2023,318.3399963,123.25,245.6399994,180.1399994
22-05-2023,321.1799927,125.8700027,248.3200073,188.8699951
23-05-2023,315.2600098,123.2900009,246.7400055,185.7700043
24-05-2023,313.8500061,121.6399994,249.2100067,182.8999939
25-05-2023,325.9200134,124.3499985,252.6900024,184.4700012
26-05-2023,332.8900146,125.4300003,262.0400085,193.1699982
30-05-2023,331.2099915,124.6399994,262.519989,201.1600037
31-05-2023,328.3900146,123.3700027,264.7200012,203.9299927
01-06-2023,332.5799866,124.3700027,272.6099854,207.5200043
02-06-2023,335.3999939,125.2300034,272.6099854,213.9700012
05-06-2023,335.9400024,126.6299973,271.3900146,217.6100006
06-06-2023,333.6799927,127.9100037,271.1199951,221.3099976
07-06-2023,323.3800049,122.9400024,263.6000061,224.5700073
08-06-2023,325.2600098,122.6699982,264.5799866,234.8600006
09-06-2023,326.7900085,122.8700027,264.9500122,244.3999939
12-06-2023,331.8500061,124.3499985,271.0499878,249.8300018
13-06-2023,334.2900085,124.4300003,271.3200073,258.7099915
14-06-2023,337.3399963,124.3799973,273.3500061,256.7900085
15-06-2023,348.1000061,125.7900009,281.8299866,255.8999939
16-06-2023,342.3299866,124.0599976,281,260.5400085
20-06-2023,338.0499878,123.8499985,284.3299866,274.4500122
21-06-2023,333.5599976,121.2600021,281.6400146,259.4599915
22-06-2023,339.7099915,123.8700027,284.8800049,264.6099854
23-06-2023,335.019989,123.0199966,288.730011,256.6000061
26-06-2023,328.6000061,119.0899963,278.4700012,241.0500031
27-06-2023,334.5700073,119.0100021,287.0499878,250.2100067
28-06-2023,335.8500061,121.0800018,285.2900085,256.2399902
29-06-2023,335.0499878,120.0100021,281.5299988,257.5
30-06-2023,340.5400085,120.9700012,286.980011,261.769989
03-07-2023,337.9899902,120.5599976,286.019989,279.8200073
05-07-2023,338.1499939,122.6299973,294.3699951,282.480011
06-07-2023,341.269989,120.9300003,291.9899902,276.5400085
07-07-2023,337.2200012,120.1399994,290.5299988,274.4299927
10-07-2023,331.8299866,116.8700027,294.1000061,269.6099854
11-07-2023,332.4700012,117.7099991,298.2900085,269.7900085
12-07-2023,337.2000122,119.6200027,309.3399963,271.9899902
13-07-2023,342.6600037,124.8300018,313.4100037,277.8999939
14-07-2023,345.2399902,125.6999969,308.8699951,281.3800049
17-07-2023,345.730011,125.0599976,310.6199951,290.3800049
18-07-2023,359.4899902,124.0800018,312.0499878,293.3399963
19-07-2023,355.0799866,122.7799988,316.0100098,291.2600098
20-07-2023,346.8699951,119.5299988,302.519989,262.8999939
21-07-2023,343.769989,120.3099976,294.2600098,260.019989
24-07-2023,345.1099854,121.8799973,291.6099854,269.0599976
25-07-2023,350.980011,122.7900009,294.4700012,265.2799988
26-07-2023,337.769989,129.6600037,298.5700073,264.3500061
27-07-2023,330.7200012,129.8699951,311.7099915,255.7100067
28-07-2023,338.3699951,133.0099945,325.480011,266.4400024
31-07-2023,335.9200134,133.1100006,318.6000061,267.4299927
01-08-2023,336.3399963,131.8899994,322.7099915,261.0700073
02-08-2023,327.5,128.6399994,314.3099976,254.1100006
03-08-2023,326.6600037,128.7700043,313.1900024,259.3200073
04-08-2023,327.7799988,128.5399933,310.730011,253.8600006
07-08-2023,330.1099854,131.9400024,316.5599976,251.4499969
08-08-2023,326.0499878,131.8399963,312.6400146,249.6999969
09-08-2023,322.230011,130.1499939,305.2099915,242.1900024
10-08-2023,322.9299927,130.2100067,305.7399902,245.3399963
11-08-2023,321.0100098,130.1699982,301.6400146,242.6499939
14-08-2023,324.0400085,131.8300018,306.1900024,239.7599945
15-08-2023,321.8599854,130.2700043,301.9500122,232.9600067
16-08-2023,320.3999939,129.1100006,294.2900085,225.6000061
17-08-2023,316.8800049,130.4600067,285.0899963,219.2200012
18-08-2023,316.480011,128.1100006,283.25,215.4900055
21-08-2023,321.8800049,128.9299927,289.8999939,231.2799988
22-08-2023,322.4599915,129.6900024,287.6000061,233.1900024
23-08-2023,327,133.2100067,294.2399902,236.8600006
24-08-2023,319.9700012,130.4199982,286.75,230.0399933
25-08-2023,322.980011,130.6900024,285.5,238.5899963
28-08-2023,323.7000122,131.7899933,290.2600098,238.8200073
29-08-2023,328.4100037,135.4900055,297.9899902,257.1799927
30-08-2023,328.7900085,136.9299927,295.1000061,256.8999939
31-08-2023,327.7600098,137.3500061,295.8900146,258.0799866
01-09-2023,328.6600037,136.8000031,296.3800049,245.0099945
05-09-2023,333.5499878,136.7100067,300.1499939,256.4899902
06-09-2023,332.8800049,135.3699951,299.1700134,251.9199982
07-09-2023,329.9100037,136.1999969,298.6700134,251.4900055
08-09-2023,334.269989,137.1999969,297.8900146,248.5
11-09-2023,337.9400024,137.7400055,307.5599976,273.5799866
12-09-2023,331.769989,136.0700073,301.6600037,267.480011
13-09-2023,336.0599976,137.5,305.0599976,271.2999878
14-09-2023,338.7000122,138.9900055,311.7200012,276.0400085
15-09-2023,330.2200012,138.3000031,300.3099976,274.3900146
18-09-2023,329.0599976,138.9600067,302.5499878,265.2799988
19-09-2023,328.6499939,138.8300018,305.0700073,266.5
20-09-2023,320.769989,134.5899963,299.6700134,262.5899963
21-09-2023,319.5299988,131.3600006,295.730011,255.6999969
22-09-2023,317.0100098,131.25,299.0799866,244.8800049
25-09-2023,317.5400085,132.1699982,300.8299866,246.9900055
26-09-2023,312.1400146,129.4499969,298.9599915,244.1199951
27-09-2023,312.7900085,131.4600067,297.7399902,240.5
28-09-2023,313.6400146,133.1300049,303.9599915,246.3800049
29-09-2023,315.75,131.8500061,300.2099915,250.2200012
02-10-2023,321.7999878,135.1699982,306.8200073,251.6000061
03-10-2023,313.3900146,133.3000031,300.9400024,246.5299988
04-10-2023,318.9599915,136.2700043,305.5799866,261.1600037
05-10-2023,319.3599854,135.9900055,304.7900085,260.0499878
06-10-2023,327.2600098,138.7299957,315.4299927,260.5299988
09-10-2023,329.8200073,139.5,318.3599854,259.6700134
10-10-2023,328.3900146,139.1999969,321.8399963,263.6199951
11-10-2023,332.4200134,141.6999969,327.8200073,262.9899902
12-10-2023,331.1600037,140.2899933,324.1600037,258.8699951
13-10-2023,327.730011,138.5800018,314.6900024,251.1199951
16-10-2023,332.6400146,140.4900055,321.1499939,253.9199982
17-10-2023,332.0599976,140.9900055,324,254.8500061
18-10-2023,330.1099854,139.2799988,316.9700012,242.6799927
19-10-2023,331.3200073,138.9799957,312.8099976,220.1100006
20-10-2023,326.6700134,136.7400055,308.6499939,211.9900055
23-10-2023,329.3200073,137.8999939,314.0100098,212.0800018
24-10-2023,330.5299988,140.1199951,312.5499878,216.5200043
25-10-2023,340.6700134,126.6699982,299.5299988,212.4199982
26-10-2023,327.8900146,123.4400024,288.3500061,205.7599945
27-10-2023,329.8099976,123.4000015,296.730011,207.3000031
30-10-2023,337.3099976,125.75,302.6600037,197.3600006
31-10-2023,338.1099854,125.3000031,301.269989,200.8399963
01-11-2023,346.0700073,127.5699997,311.8500061,205.6600037
02-11-2023,348.3200073,128.5800018,310.8699951,218.5099945
03-11-2023,352.7999878,130.3699951,314.6000061,219.9600067
06-11-2023,356.5299988,131.4499969,315.7999878,219.2700043
07-11-2023,360.5299988,132.3999939,318.8200073,222.1799927
08-11-2023,363.2000122,133.2599945,319.7799988,222.1100006
09-11-2023,360.6900024,131.6900024,320.5499878,209.9799957
10-11-2023,369.6700134,134.0599976,328.769989,214.6499939
13-11-2023,366.6799927,133.6399994,329.1900024,223.7100067
14-11-2023,370.269989,135.4299927,336.3099976,237.4100037
15-11-2023,369.6700134,136.3800049,332.7099915,242.8399963
16-11-2023,376.1700134,138.6999969,334.1900024,233.5899963
17-11-2023,369.8500061,136.9400024,335.0400085,234.3000031
20-11-2023,377.4400024,137.9199982,339.9700012,235.6000061
21-11-2023,373.0700073,138.6199951,336.980011,241.1999969
22-11-2023,377.8500061,140.0200043,341.4899902,234.2100067
24-11-2023,377.4299927,138.2200012,338.230011,235.4499969
27-11-2023,378.6099854,138.0500031,334.7000122,236.0800018
28-11-2023,382.7000122,138.6199951,338.9899902,246.7200012
29-11-2023,378.8500061,136.3999939,332.2000122,244.1399994
30-11-2023,378.9100037,133.9199982,327.1499939,240.0800018
01-12-2023,374.5100098,133.3200073,324.8200073,238.8300018
04-12-2023,369.1400146,130.6300049,320.019989,235.5800018
05-12-2023,372.519989,132.3899994,318.2900085,238.7200012
06-12-2023,368.7999878,131.4299927,317.4500122,239.3699951
07-12-2023,370.9500122,138.4499969,326.5899963,242.6399994
08-12-2023,374.230011,136.6399994,332.75,243.8399963
11-12-2023,371.2999878,134.6999969,325.2799988,239.7400055
12-12-2023,374.3800049,133.6399994,334.2200012,237.0099945
13-12-2023,374.3699951,133.9700012,334.7399902,239.2899933
14-12-2023,365.9299927,133.1999969,333.1700134,251.0500031
15-12-2023,370.730011,133.8399963,334.9200134,253.5
18-12-2023,372.6499939,137.1900024,344.6199951,252.0800018
19-12-2023,373.2600098,138.1000061,350.3599854,257.2200012
20-12-2023,370.6199951,139.6600037,349.2799988,247.1399994
21-12-2023,373.5400085,141.8000031,354.0899963,254.5
22-12-2023,374.5799866,142.7200012,353.3900146,252.5399933
26-12-2023,374.6600037,142.8200073,354.8299866,256.6099854
27-12-2023,374.0700073,141.4400024,357.8299866,261.4400024
28-12-2023,375.2799988,141.2799988,358.3200073,253.1799927
29-12-2023,376.0400085,140.9299927,353.9599915,248.4799957
02-01-2024,370.8699951,139.5599976,346.2900085,248.4199982
03-01-2024,370.6000061,140.3600006,344.4700012,238.4499969
04-01-2024,367.9400024,138.0399933,347.1199951,237.9299927
05-01-2024,367.75,137.3899994,351.9500122,237.4900055
08-01-2024,374.6900024,140.5299988,358.6600037,240.4499969
09-01-2024,375.7900085,142.5599976,357.4299927,234.9600067
10-01-2024,382.769989,143.8000031,370.4700012,233.9400024
11-01-2024,384.6300049,143.6699982,369.6700134,227.2200012
12-01-2024,388.4700012,144.2400055,374.4899902,218.8899994
16-01-2024,390.269989,144.0800018,367.4599915,219.9100037
17-01-2024,389.4700012,142.8899994,368.3699951,215.5500031
18-01-2024,393.8699951,144.9900055,376.1300049,211.8800049
19-01-2024,398.6700134,147.9700012,383.4500122,212.1900024
22-01-2024,396.5100098,147.7100067,381.7799988,208.8000031
23-01-2024,398.8999939,148.6799927,385.2000122,209.1399994
24-01-2024,402.5599976,150.3500061,390.7000122,207.8300018
25-01-2024,404.8699951,153.6399994,393.1799927,182.6300049
26-01-2024,403.9299927,153.7899933,394.1400146,183.25
29-01-2024,409.7200012,154.8399963,401.019989,190.9299927
30-01-2024,408.5899963,153.0500031,400.0599976,191.5899963
31-01-2024,397.5799866,141.8000031,390.1400146,187.2899933
01-02-2024,403.7799988,142.7100067,394.7799988,188.8600006
02-02-2024,411.2200012,143.5399933,474.9899902,187.9100037
05-02-2024,405.6499939,144.9299927,459.4100037,181.0599976
06-02-2024,405.4899902,145.4100037,454.7200012,185.1000061
07-02-2024,414.0499878,146.6799927,469.5899963,187.5800018
08-02-2024,414.1099854,147.2200012,470,189.5599976
09-02-2024,420.5499878,150.2200012,468.1099854,193.5700073
12-02-2024,415.2600098,148.7299957,468.8999939,188.1300049
13-02-2024,406.3200073,146.3699951,460.1199951,184.0200043
14-02-2024,409.4899902,147.1399994,473.2799988,188.7100067
15-02-2024,406.5599976,143.9400024,484.0299988,200.4499969
16-02-2024,404.0599976,141.7599945,473.3200073,199.9499969
20-02-2024,402.7900085,142.1999969,471.75,193.7599945
21-02-2024,402.1799927,143.8399963,468.0299988,194.7700043
22-02-2024,411.6499939,145.3200073,486.1300049,197.4100037
23-02-2024,410.3399963,145.2899933,484.0299988,191.9700012
26-02-2024,407.5400085,138.75,481.7399902,199.3999939
27-02-2024,407.480011,140.1000061,487.0499878,199.7299957
28-02-2024,407.7200012,137.4299927,484.019989,202.0399933
29-02-2024,413.6400146,139.7799988,490.1300049,201.8800049
01-03-2024,415.5,138.0800018,502.2999878,202.6399994
04-03-2024,414.9200134,134.1999969,498.1900024,188.1399994
05-03-2024,402.6499939,133.7799988,490.2200012,180.7400055
06-03-2024,402.0899963,132.5599976,496.0899963,176.5399933
07-03-2024,409.1400146,135.2400055,512.1900024,178.6499939
08-03-2024,406.2200012,136.2899933,505.9500122,175.3399963
11-03-2024,404.519989,138.9400024,483.5899963,177.7700043
12-03-2024,415.2799988,139.6199951,499.75,177.5399933
13-03-2024,415.1000061,140.7700043,495.5700073,169.4799957
14-03-2024,425.2200012,144.3399963,491.8299866,162.5
15-03-2024,416.4200134,142.1699982,484.1000061,163.5700073
18-03-2024,417.3200073,148.4799957,496.980011,173.8000031
19-03-2024,421.4100037,147.9199982,496.2399902,171.3200073
20-03-2024,425.230011,149.6799927,505.519989,175.6600037
21-03-2024,429.3699951,148.7400055,507.7600098,172.8200073
22-03-2024,428.7399902,151.7700043,509.5799866,170.8300018
25-03-2024,422.8599854,151.1499939,503.019989,172.6300049
26-03-2024,421.6499939,151.6999969,495.8900146,177.6699982
27-03-2024,421.4299927,151.9400024,493.8599854,179.8300018
28-03-2024,420.7200012,152.2599945,485.5799866,175.7899933
01-04-2024,424.5700073,156.5,491.3500061,175.2200012
02-04-2024,421.4400024,155.8699951,497.3699951,166.6300049
03-04-2024,420.4500122,156.3699951,506.7399902,168.3800049
04-04-2024,417.8800049,151.9400024,510.9200134,171.1100006
05-04-2024,425.519989,153.9400024,527.3400269,164.8999939
08-04-2024,424.5899963,156.1399994,519.25,172.9799957
09-04-2024,426.2799988,158.1399994,516.9000244,176.8800049
10-04-2024,423.2600098,157.6600037,519.8300171,171.7599945
11-04-2024,427.9299927,160.7899933,523.1599731,174.6000061
12-04-2024,421.8999939,159.1900024,511.8999939,171.0500031
15-04-2024,413.6400146,156.3300018,500.230011,161.4799957
16-04-2024,414.5799866,156,499.7600098,157.1100006
17-04-2024,411.8399963,156.8800049,494.1700134,155.4499969
18-04-2024,404.269989,157.4600067,501.7999878,149.9299927
19-04-2024,399.1199951,155.7200012,481.0700073,147.0500031
22-04-2024,400.9599915,157.9499969,481.730011,142.0500031
23-04-2024,407.5700073,159.9199982,496.1000061,144.6799927
24-04-2024,409.0599976,161.1000061,493.5,162.1300049
25-04-2024,399.0400085,157.9499969,441.3800049,170.1799927
26-04-2024,406.3200073,173.6900024,443.2900085,168.2899933
29-04-2024,402.25,167.8999939,432.6199951,194.0500031
30-04-2024,389.3299866,164.6399994,430.1700134,183.2799988
01-05-2024,394.9400024,165.5700073,439.1900024,179.9900055
02-05-2024,397.8399963,168.4600067,441.6799927,180.0099945
03-05-2024,406.6600037,168.9900055,451.9599915,181.1900024
06-05-2024,413.5400085,169.8300018,465.6799927,184.7599945
07-05-2024,409.3399963,172.9799957,468.2399902,177.8099976
08-05-2024,410.5400085,171.1600037,472.6000061,174.7200012
09-05-2024,412.3200073,171.5800018,475.4200134,171.9700012
10-05-2024,414.7399902,170.2899933,476.2000122,168.4700012
13-05-2024,413.7200012,170.8999939,468.0100098,171.8899994
14-05-2024,416.5599976,171.9299927,471.8500061,177.5500031
15-05-2024,423.0799866,173.8800049,481.5400085,173.9900055
16-05-2024,420.9899902,175.4299927,473.230011,174.8399963
17-05-2024,420.2099915,177.2899933,471.9100037,177.4600067
20-05-2024,425.3399963,178.4600067,468.8399963,174.9499969
21-05-2024,429.0400085,179.5399933,464.6300049,186.6000061
22-05-2024,430.519989,178,467.7799988,180.1100006
23-05-2024,427,175.0599976,465.7799988,173.7400055
24-05-2024,430.1600037,176.3300018,478.2200012,179.2400055
28-05-2024,430.3200073,178.0200043,479.9200134,176.75
29-05-2024,429.1700134,177.3999939,474.3599854,176.1900024
30-05-2024,414.6700134,173.5599976,467.0499878,178.7899933
31-05-2024,415.1300049,173.9600067,466.8299866,178.0800018
03-06-2024,413.519989,174.4199982,477.4899902,176.2899933
04-06-2024,416.0700073,175.1300049,476.9899902,174.7700043
05-06-2024,424.0100098,177.0700073,495.0599976,175
06-06-2024,424.519989,178.3500061,493.7600098,177.9400024
07-06-2024,423.8500061,175.9499969,492.9599915,177.4799957
10-06-2024,427.8699951,176.6300049,502.6000061,173.7899933
11-06-2024,432.6799927,178.1900024,507.4700012,170.6600037
12-06-2024,441.0599976,179.5599976,508.8399963,177.2899933
13-06-2024,441.5799866,176.7400055,504.1000061,182.4700012
14-06-2024,442.5700073,178.3699951,504.1600037,178.0099945
17-06-2024,448.3699951,178.7799988,506.6300049,187.4400024
18-06-2024,446.3399963,176.4499969,499.4899902,184.8600006
20-06-2024,445.7000122,177.7100067,501.7000122,181.5700073
21-06-2024,449.7799988,180.2599945,494.7799988,183.0099945
24-06-2024,447.6700134,180.7899933,498.9100037,182.5800018
25-06-2024,450.9500122,185.5800018,510.6000061,187.3500061
26-06-2024,452.1600037,185.3699951,513.1199951,196.3699951
27-06-2024,452.8500061,186.8600006,519.5599976,197.4199982
28-06-2024,446.9500122,183.4199982,504.2200012,197.8800049
01-07-2024,456.730011,184.4900055,504.6799927,209.8600006
02-07-2024,459.2799988,186.6100006,509.5,231.2599945
03-07-2024,460.769989,187.3899994,509.9599915,246.3899994
05-07-2024,467.5599976,191.9600067,539.9099731,251.5200043
08-07-2024,466.2399902,190.4799957,529.3200073,252.9400024
09-07-2024,459.5400085,190.4400024,530,262.3299866
10-07-2024,466.25,192.6600037,534.6900024,263.2600098
11-07-2024,454.7000122,187.3000031,512.7000122,241.0299988
12-07-2024,453.5499878,186.7799988,498.8699951,248.2299957
15-07-2024,453.9599915,188.1900024,496.1600037,252.6399994
16-07-2024,449.519989,185.5,489.7900085,256.5599976
17-07-2024,443.519989,182.6199951,461.9899902,248.5
18-07-2024,440.3699951,179.2200012,475.8500061,249.2299957
19-07-2024,437.1099854,179.3899994,476.7900085,239.1999969
22-07-2024,442.9400024,183.3500061,487.3999939,251.5099945
23-07-2024,444.8500061,183.6000061,488.6900024,246.3800049
24-07-2024,428.8999939,174.3699951,461.269989,215.9900055
25-07-2024,418.3999939,169.1600037,453.4100037,220.25
26-07-2024,425.269989,168.6799927,465.7000122,219.8000031
29-07-2024,426.730011,171.1300049,465.7099915,232.1000061
30-07-2024,422.9200134,171.8600006,463.1900024,222.6199951
31-07-2024,418.3500061,173.1499939,474.8299866,232.0700073
01-08-2024,417.1099854,172.4499969,497.7399902,216.8600006
02-08-2024,408.4899902,168.3999939,488.1400146,207.6699982
05-08-2024,395.1499939,160.6399994,475.730011,198.8800049
06-08-2024,399.6099854,160.5399933,494.0899963,200.6399994
07-08-2024,398.4299927,160.75,488.9200134,191.7599945
08-08-2024,402.6900024,163.8399963,509.6300049,198.8399963
09-08-2024,406.019989,165.3899994,517.7700195,200
12-08-2024,406.8099976,163.9499969,515.9500122,197.4900055
13-08-2024,414.0100098,165.9299927,528.539978,207.8300018
14-08-2024,416.8599854,162.0299988,526.7600098,201.3800049
15-08-2024,421.0299988,163.1699982,537.3300171,214.1399994
16-08-2024,418.4700012,164.7400055,527.4199829,216.1199951
19-08-2024,421.5299988,168.3999939,529.2800293,222.7200012
20-08-2024,424.7999878,168.9600067,526.7299805,221.1000061
21-08-2024,424.1400146,167.6300049,535.1599731,223.2700043
22-08-2024,415.5499878,165.4900055,531.9299927,210.6600037
23-08-2024,416.7900085,167.4299927,528,220.3200073
26-08-2024,413.4899902,167.9299927,521.1199951,213.2100067
27-08-2024,413.8399963,166.3800049,519.0999756,209.2100067
28-08-2024,410.6000061,164.5,516.7800293,205.75
29-08-2024,413.1199951,163.3999939,518.2199707,206.2799988
30-08-2024,417.1400146,165.1100006,521.3099976,214.1100006
03-09-2024,409.4400024,158.6100006,511.7600098,210.6000061
04-09-2024,408.8999939,157.8099976,512.7399902,219.4100037
05-09-2024,408.3900146,158.6000061,516.8599854,230.1699982
06-09-2024,401.7000122,152.1300049,500.269989,210.7299957
09-09-2024,405.7200012,149.5399933,504.7900085,216.2700043
10-09-2024,414.2000122,150.0099945,504.7900085,226.1699982
11-09-2024,423.0400085,152.1499939,511.8299866,228.1300049
12-09-2024,427,155.5399933,525.5999756,229.8099976
13-09-2024,430.5899963,158.3699951,524.6199951,230.2899933
16-09-2024,431.3399963,158.9900055,533.2800293,226.7799988
17-09-2024,435.1499939,160.2799988,536.3200073,227.8699951
18-09-2024,430.8099976,160.8099976,537.9500122,227.1999969
19-09-2024,438.6900024,163.2400055,559.0999756,243.9199982
20-09-2024,435.269989,164.6399994,561.3499756,238.25
23-09-2024,433.5100098,163.0700073,564.4099731,250
24-09-2024,429.1700134,163.6399994,563.3300171,254.2700043
25-09-2024,432.1099854,162.9900055,568.3099976,257.019989
26-09-2024,431.3099976,163.8300018,567.8400269,254.2200012
27-09-2024,428.019989,165.2899933,567.3599854,260.4599915
30-09-2024,430.2999878,167.1900024,572.4400024,261.6300049
01-10-2024,420.6900024,168.4199982,576.4699707,258.019989
02-10-2024,417.1300049,167.3099976,572.8099976,249.0200043
03-10-2024,416.5400085,167.2100067,582.7700195,240.6600037
04-10-2024,416.0599976,168.5599976,595.9400024,250.0800018
07-10-2024,409.5400085,164.3899994,584.7800293,240.8300018
08-10-2024,414.7099915,165.6999969,592.8900146,244.5
09-10-2024,417.4599915,163.0599976,590.5100098,241.0500031
10-10-2024,415.8399963,163.1799927,583.8300171,238.7700043
11-10-2024,416.3200073,164.5200043,589.9500122,217.8000031
14-10-2024,419.1400146,166.3500061,590.4199829,219.1600037
15-10-2024,418.7399902,166.8999939,586.2700195,219.5700073
16-10-2024,416.1199951,166.7400055,576.789978,221.3300018
17-10-2024,416.7200012,164.5099945,576.9299927,220.8899994
18-10-2024,418.1600037,165.0500031,576.4699707,220.6999969
21-10-2024,418.7799988,165.8000031,575.1599731,218.8500061
22-10-2024,427.5100098,166.8200073,582.0100098,217.9700012
23-10-2024,424.6000061,164.4799957,563.6900024,213.6499939
24-10-2024,424.730011,164.5299988,567.7800293,260.480011
25-10-2024,428.1499939,166.9900055,573.25,269.1900024
28-10-2024,426.5899963,168.3399963,578.1599731,262.5100098
29-10-2024,431.9500122,171.1399994,593.2800293,259.519989
30-10-2024,432.5299988,176.1399994,591.7999878,257.5499878
31-10-2024,406.3500061,172.6900024,567.5800171,249.8500061
01-11-2024,410.3699951,172.6499939,567.1599731,248.9799957
04-11-2024,408.4599915,170.6799927,560.6799927,242.8399963
05-11-2024,411.4599915,171.4100037,572.4299927,251.4400024
06-11-2024,420.1799927,178.3300018,572.0499878,288.5299988
07-11-2024,425.4299927,182.2799988,591.7000122,296.9100037
08-11-2024,422.5400085,179.8600006,589.3400269,321.2200012
11-11-2024,418.0100098,181.9700012,583.1699829,350
12-11-2024,423.0299988,183.3200073,584.8200073,328.4899902
13-11-2024,425.2000122,180.4900055,580,330.2399902
14-11-2024,426.8900146,177.3500061,577.1599731,311.1799927
15-11-2024,415,173.8899994,554.0800171,320.7200012
18-11-2024,415.7600098,176.8000031,554.4000244,338.7399902
19-11-2024,417.7900085,179.5800018,561.0900269,346
20-11-2024,415.4899902,177.3300018,565.5200195,342.0299988
21-11-2024,412.8699951,169.2400055,563.0900269,339.6400146
22-11-2024,417,166.5700073,559.1400146,352.5599976
25-11-2024,418.7900085,169.4299927,565.1099854,338.5899963
26-11-2024,427.9899902,170.6199951,573.539978,338.230011
27-11-2024,422.9899902,170.8200073,569.2000122,332.8900146
29-11-2024,423.4599915,170.4900055,574.3200073,345.1600037
02-12-2024,430.980011,172.9799957,592.8300171,357.0899963
03-12-2024,431.2000122,173.0200043,613.6500244,351.4200134
04-12-2024,437.4200134,176.0899963,613.7800293,357.9299927
05-12-2024,442.6199951,174.3099976,608.9299927,369.4899902
06-12-2024,443.5700073,176.4900055,623.7700195,389.2200012
09-12-2024,446.019989,177.1000061,613.5700073,389.7900085
10-12-2024,443.3299866,186.5299988,619.3200073,400.9899902
11-12-2024,448.9899902,196.7100067,632.6799927,424.769989
12-12-2024,449.5599976,193.6300049,630.789978,418.1000061
13-12-2024,447.269989,191.3800049,620.3499756,436.230011
16-12-2024,451.5899963,198.1600037,624.2399902,463.019989
17-12-2024,454.4599915,197.1199951,619.4400024,479.8599854
18-12-2024,437.3900146,190.1499939,597.1900024,440.1300049
19-12-2024,437.0299988,189.6999969,595.5700073,436.1700134
20-12-2024,436.6000061,192.9600067,585.25,421.0599976
23-12-2024,435.25,195.9900055,599.8499756,430.6000061
24-12-2024,439.3299866,197.5700073,607.75,462.2799988
26-12-2024,438.1099854,197.1000061,603.3499756,454.1300049
27-12-2024,430.5299988,194.0399933,599.8099976,431.6600037
30-12-2024,424.8299866,192.6900024,591.2399902,417.4100037
31-12-2024,421.5,190.4400024,585.5100098,403.8399963
02-01-2025,418.5799866,190.6300049,599.2399902,379.2799988
03-01-2025,423.3500061,193.1300049,604.6300049,410.4400024
06-01-2025,427.8500061,197.9600067,630.2000122,411.0499878
07-01-2025,422.3699951,196.7100067,617.8900146,394.3599854
08-01-2025,424.5599976,195.3899994,610.7199707,394.9400024
10-01-2025,418.9500122,193.1699982,615.8599854,394.7399902
13-01-2025,417.1900024,192.2899933,608.3300171,403.3099976
14-01-2025,415.6700134,191.0500031,594.25,396.3599854
15-01-2025,426.3099976,196.9799957,617.1199951,428.2200012
16-01-2025,424.5799866,194.4100037,611.2999878,413.8200073
17-01-2025,429.0299988,197.5500031,612.7700195,426.5
21-01-2025,428.5,199.6300049,616.460022,424.0700073
22-01-2025,446.2000122,200.0299988,623.5,415.1099854
23-01-2025,446.7099915,199.5800018,636.4500122,412.3800049
24-01-2025,444.0599976,201.8999939,647.4899902,406.5799866
27-01-2025,434.5599976,193.7700043,659.8800049,397.1499939
28-01-2025,447.2000122,197.0700073,674.3300171,398.0899963
29-01-2025,442.3299866,197.1799927,676.4899902,389.1000061
30-01-2025,414.9899902,202.6300049,687,400.2799988
31-01-2025,415.0599976,205.6000061,689.1799927,404.6000061
03-02-2025,410.9200134,202.6399994,697.460022,383.6799927
04-02-2025,412.3699951,207.7100067,704.1900024,392.2099915
05-02-2025,413.2900085,193.3000031,704.8699951,378.1700134
06-02-2025,415.8200073,193.3099976,711.9899902,374.3200073
07-02-2025,409.75,187.1399994,714.5200195,361.6199951
10-02-2025,412.2200012,188.1999969,717.4000244,350.730011
11-02-2025,411.4400024,187.0700073,719.7999878,328.5
12-02-2025,409.0400085,185.4299927,725.3800049,336.5100098
13-02-2025,410.5400085,187.8800049,728.5599976,355.9400024
14-02-2025,408.4299927,186.8699951,736.6699829,355.8399963
18-02-2025,409.6400146,185.8000031,716.3699951,354.1099854
19-02-2025,414.769989,187.1300049,703.7700195,360.5599976
20-02-2025,416.1300049,186.6399994,694.8400269,354.3999939
21-02-2025,408.2099915,181.5800018,683.5499878,337.7999878
24-02-2025,404,181.1900024,668.1300049,330.5299988
25-02-2025,397.8999939,177.3699951,657.5,302.7999878
26-02-2025,399.730011,174.6999969,673.7000122,290.7999878
27-02-2025,392.5299988,170.2100067,658.2399902,281.9500122
28-02-2025,396.9899902,172.2200012,668.2000122,292.980011
03-03-2025,388.4899902,168.6600037,655.0499878,284.6499939
04-03-2025,388.6099854,172.6100006,640,272.0400085
05-03-2025,401.019989,174.9900055,656.4699707,279.1000061
06-03-2025,396.8900146,174.2100067,627.9299927,263.4500122
07-03-2025,393.3099976,175.75,625.6599731,262.6700134
10-03-2025,380.1600037,167.8099976,597.9899902,222.1499939
11-03-2025,380.4500122,165.9799957,605.710022,230.5800018
12-03-2025,383.269989,169,619.5599976,248.0899963
13-03-2025,378.769989,164.7299957,590.6400146,240.6799927
14-03-2025,388.5599976,167.6199951,607.5999756,249.9799957
17-03-2025,388.7000122,166.5700073,604.9000244,238.0099945
18-03-2025,383.519989,162.6699982,582.3599854,225.3099976
19-03-2025,387.8200073,166.2799988,584.0599976,235.8600006
20-03-2025,386.8399963,165.0500031,586,236.2599945
21-03-2025,391.2600098,166.25,596.25,248.7100067
24-03-2025,393.0799866,169.9299927,618.8499756,278.3900146
25-03-2025,395.1600037,172.7899933,626.3099976,288.1400146
26-03-2025,389.9700012,167.1399994,610.9799805,272.0599976
27-03-2025,390.5799866,164.0800018,602.5800171,273.1300049
28-03-2025,378.7999878,156.0599976,576.7399902,263.5499878
31-03-2025,375.3900146,156.2299957,576.3599854,259.1600037
01-04-2025,382.1900024,158.8800049,586,268.4599915
02-04-2025,382.1400146,158.8600006,583.9299927,282.7600098
03-04-2025,373.1099854,152.6300049,531.6199951,267.2799988
04-04-2025,359.8399963,147.7400055,504.730011,239.4299927
07-04-2025,357.8599854,149.2400055,516.25,233.2899933
08-04-2025,354.5599976,146.5800018,510.4500122,221.8600006
09-04-2025,390.4899902,161.0599976,585.7700195,272.2000122
10-04-2025,381.3500061,155.3699951,546.289978,252.3999939
11-04-2025,388.4500122,159.3999939,543.5700073,252.3099976
14-04-2025,387.8099976,161.4700012,531.4799805,252.3500061
15-04-2025,385.730011,158.6799927,521.5200195,254.1100006
16-04-2025,371.6099854,155.5,502.3099976,241.5500031
17-04-2025,367.7799988,153.3600006,501.480011,241.3699951
21-04-2025,359.1199951,149.8600006,484.6600037,227.5
22-04-2025,366.8200073,153.8999939,500.2799988,237.9700012
23-04-2025,374.3900146,157.7200012,520.2700195,250.7400055
24-04-2025,387.2999878,161.4700012,533.1500244,259.5100098
25-04-2025,391.8500061,163.8500061,547.2700195,284.9500122
28-04-2025,391.1600037,162.4199982,549.7399902,285.8800049
29-04-2025,394.0400085,162.0599976,554.4400024,292.0299988
30-04-2025,395.2600098,160.8899994,549,282.1600037
01-05-2025,425.3999939,162.7899933,572.210022,280.519989
02-05-2025,435.2799988,165.8099976,597.0200195,287.2099915
05-05-2025,436.1700134,166.0500031,599.2700195,280.2600098
06-05-2025,433.3099976,165.1999969,587.3099976,275.3500061
07-05-2025,433.3500061,152.8000031,596.8099976,276.2200012
08-05-2025,438.1700134,155.75,598.0100098,284.8200073
09-05-2025,438.730011,154.3800049,592.4899902,298.2600098
12-05-2025,449.2600098,159.5800018,639.4299927,318.3800049
13-05-2025,449.1400146,160.8899994,656.0300293,334.0700073
14-05-2025,452.9400024,166.8099976,659.3599854,347.6799927
15-05-2025,453.1300049,165.3999939,643.8800049,342.8200073
16-05-2025,454.269989,167.4299927,640.3400269,349.980011
19-05-2025,458.8699951,167.8699951,640.4299927,342.0899963
20-05-2025,458.1700134,165.3200073,637.0999756,343.8200073
21-05-2025,452.5700073,170.0599976,635.5,334.6199951
22-05-2025,454.8599854,171.9799957,636.5700073,341.0400085
23-05-2025,450.1799927,169.5899963,627.0599976,339.3399963
27-05-2025,460.6900024,173.9799957,642.3200073,362.8900146
28-05-2025,457.3599854,173.3800049,643.5800171,356.8999939
29-05-2025,458.6799927,172.9600067,645.0499878,358.4299927
30-05-2025,460.3599854,172.8500061,647.4899902,346.4599915
02-06-2025,461.9700012,170.3699951,670.9000244,342.6900024
03-06-2025,462.9700012,167.7100067,666.8499756,344.269989
04-06-2025,463.8699951,169.3899994,687.9500122,332.0499878
05-06-2025,467.6799927,169.8099976,684.6199951,284.7000122
06-06-2025,470.3800049,174.9199982,697.710022,295.1400146
09-06-2025,472.75,177.6300049,694.0599976,308.5799866
10-06-2025,470.9200134,180.0099945,702.4000244,326.0899963
11-06-2025,472.6199951,178.7899933,694.1400146,326.4299927
12-06-2025,478.8699951,176.9700012,693.3599854,319.1099854
13-06-2025,474.9599915,175.8800049,682.8699951,325.3099976
16-06-2025,479.1400146,177.9400024,702.1199951,329.1300049
17-06-2025,478.0400085,177.2299957,697.2299805,316.3500061
18-06-2025,480.2399902,173.9799957,695.7700195,322.0499878
20-06-2025,477.3999939,167.7299957,682.3499756,322.1600037
23-06-2025,486,166.0099945,698.5300293,348.6799927
24-06-2025,490.1099854,167.7400055,712.2000122,340.4700012
25-06-2025,492.269989,171.4900055,708.6799927,327.5499878
26-06-2025,497.4500122,174.4299927,726.0900269,325.7799988
27-06-2025,495.9400024,178.2700043,733.6300049,323.6300049
30-06-2025,497.4100037,177.3899994,738.0900269,317.6600037
01-07-2025,492.0499878,176.9100037,719.2199707,300.7099915
02-07-2025,491.0899963,179.7599945,713.5700073,315.6499939
03-07-2025,498.8399963,180.5500031,719.0100098,315.3500061
07-07-2025,497.7200012,177.5599976,718.3499756,293.9400024
08-07-2025,496.6199951,175.1600037,720.6699829,297.8099976
09-07-2025,503.5100098,177.6600037,732.7800293,295.8800049
10-07-2025,501.480011,178.6999969,727.2399902,309.8699951
11-07-2025,503.3200073,181.3099976,717.5100098,313.5100098
14-07-2025,503.019989,182.8099976,720.9199829,316.8999939
15-07-2025,505.8200073,183.1000061,710.3900146,310.7799988
16-07-2025,505.6199951,183.7700043,702.9099731,321.6700134
17-07-2025,511.7000122,184.6999969,701.4099731,319.4100037
18-07-2025,510.0499878,185.9400024,704.2800293,329.6499939
21-07-2025,510.0599976,191.1499939,712.9699707,328.4899902
22-07-2025,505.269989,192.1100006,704.8099976,332.1099854
23-07-2025,505.8699951,191.5099945,713.5800171,332.5599976
24-07-2025,510.8800049,193.1999969,714.7999878,305.2999878
25-07-2025,513.710022,194.0800018,712.6799927,316.0599976
28-07-2025,512.5,193.4199982,717.6300049,325.5899963
29-07-2025,512.5700073,196.4299927,700,321.2000122
30-07-2025,513.2399902,197.4400024,695.210022,319.0400085
31-07-2025,533.5,192.8600006,773.4400024,308.269989
01-08-2025,524.1099854,189.9499969,750.0100098,302.6300049
04-08-2025,535.6400146,195.75,776.3699951,309.2600098
05-08-2025,527.75,195.3200073,763.460022,308.7200012
06-08-2025,524.9400024,196.9199982,771.9899902,319.9100037
07-08-2025,520.8400269,197.2799988,761.8300171,322.269989
08-08-2025,522.039978,202.0899963,769.2999878,329.6499939
11-08-2025,521.7700195,201.6300049,765.8699951,339.0299988
12-08-2025,529.2399902,204.1600037,790,340.8399963
13-08-2025,520.5800171,203.0299988,780.0800171,339.3800049
14-08-2025,522.4799805,203.8200073,782.1300049,335.5799866
15-08-2025,520.1699829,204.9100037,785.2299805,330.5599976
18-08-2025,517.0999756,204.2899933,767.3699951,335.1600037
19-08-2025,509.769989,202.4900055,751.4799805,329.3099976
20-08-2025,505.7200012,200.1900024,747.7199707,323.8999939
21-08-2025,504.2399902,200.6199951,739.0999756,320.1099854
22-08-2025,507.230011,206.7200012,754.789978,340.0100098
25-08-2025,504.2600098,209.1600037,753.2999878,346.6000061
26-08-2025,502.0400085,207.9499969,754.0999756,351.6700134
27-08-2025,506.7399902,208.2100067,747.3800049,349.6000061
28-08-2025,509.6400146,212.3699951,751.1099854,345.980011
29-08-2025,506.6900024,213.5299988,738.7000122,333.8699951
02-09-2025,505.1199951,211.9900055,735.1099854,329.3599854
03-09-2025,505.3500061,231.1000061,737.0499878,334.0899963
04-09-2025,507.9700012,232.6600037,748.6500244,338.5299988
05-09-2025,495,235.1699982,752.4500122,350.8399963
08-09-2025,498.2000122,234.1600037,752.2999878,346.3999939
09-09-2025,498.4100037,239.9400024,765.7000122,346.9700012
10-09-2025,500.3699951,239.5599976,751.9799805,347.7900085
11-09-2025,501.0100098,240.7799988,750.9000244,368.8099976
12-09-2025,509.8999939,241.3800049,755.5900269,395.9400024
15-09-2025,515.3599854,251.7599945,764.7000122,410.0400085
16-09-2025,509.0400085,251.4199982,779,421.6199951
17-09-2025,510.019989,249.8500061,775.7199707,425.8599854
18-09-2025,508.4500122,252.3300018,780.25,416.8500061
19-09-2025,517.9299927,255.2400055,778.3800049,426.0700073
22-09-2025,514.4500122,252.8800049,765.1599731,434.2099915
23-09-2025,509.230011,252.3399963,755.4000244,425.8500061
24-09-2025,510.1499939,247.8300018,760.6599731,442.7900085
25-09-2025,507.0299988,246.5700073,748.9099731,423.3900146
26-09-2025,511.4599915,247.1799927,743.75,440.3999939
29-09-2025,514.5999756,244.3600006,743.4000244,443.2099915
30-09-2025,517.9500122,243.5500031,734.3800049,444.7200012
01-10-2025,519.710022,245.5399933,717.3400269,459.4599915
02-10-2025,515.7399902,246.4299927,727.0499878,436
03-10-2025,517.3499756,246.4499969,710.5599976,429.8299866
06-10-2025,528.5700073,251.5099945,715.6599731,453.25
07-10-2025,523.9799805,247.1300049,713.0800171,433.0899963
08-10-2025,524.8499756,245.4600067,717.8400269,438.6900024
09-10-2025,522.4000244,242.2100067,733.5100098,435.5400085
10-10-2025,510.9599915,237.4900055,705.2999878,413.4899902
13-10-2025,514.0499878,244.6399994,715.7000122,435.8999939
14-10-2025,513.5700073,246.1900024,708.6500244,429.2399902
15-10-2025,513.4299927,251.7100067,717.5499878,435.1499939
16-10-2025,511.6099854,251.8800049,712.0700073,428.75
17-10-2025,513.5800171,253.7899933,716.9199829,439.3099976
20-10-2025,516.789978,257.019989,732.1699829,447.4299927
21-10-2025,517.6599731,251.3399963,733.2700195,442.6000061
22-10-2025,520.539978,252.5299988,733.4099731,438.9700012
23-10-2025,520.5599976,253.7299957,734,448.980011
24-10-2025,523.6099854,260.5100098,738.3599854,433.7200012
27-10-2025,531.5200195,269.9299927,750.8200073,452.4200134
28-10-2025,542.0700073,268.4299927,751.4400024,460.5499878
29-10-2025,541.5499878,275.1700134,751.6699829,461.5100098
30-10-2025,525.7600098,281.8999939,666.4699707,440.1000061
31-10-2025,517.8099976,281.8200073,648.3499756,456.5599976
03-11-2025,517.0300293,284.1199951,637.710022,468.3699951
04-11-2025,514.3300171,278.0599976,627.3200073,444.2600098
05-11-2025,507.1600037,284.75,635.9500122,462.0700073
06-11-2025,497.1000061,285.3399963,618.9400024,445.9100037
07-11-2025,496.8200073,279.7000122,621.710022,429.519989
10-11-2025,506,290.5899963,631.7600098,445.230011
11-11-2025,508.6799927,291.7399902,627.0800171,439.6199951
12-11-2025,511.1400146,287.4299927,609.0100098,430.6000061
13-11-2025,503.2900085,279.1199951,609.8900146,401.9899902
14-11-2025,510.1799927,276.980011,609.460022,404.3500061
17-11-2025,507.4899902,285.6000061,602.0100098,408.9200134
18-11-2025,493.7900085,284.9599915,597.6900024,401.25
19-11-2025,487.1199951,292.9899902,590.3200073,403.9899902
20-11-2025,478.4299927,289.980011,589.1500244,395.230011
21-11-2025,472.1199951,299.6499939,594.25,391.0899963
24-11-2025,474,318.4700012,613.0499878,417.7799988
25-11-2025,476.9899902,323.6400146,636.2199707,419.3999939
26-11-2025,485.5,320.2799988,633.6099854,426.5799866
28-11-2025,492.0100098,320.1199951,647.9500122,430.1700134
01-12-2025,486.7399902,315.1199951,640.8699951,430.1400146
02-12-2025,490,316.019989,647.0999756,429.2399902
03-12-2025,477.730011,320.6199951,639.5999756,446.7399902
04-12-2025,480.8399963,318.3900146,661.5300293,454.5299988
05-12-2025,483.1600037,322.0899963,673.4199829,455
08-12-2025,491.019989,314.4500122,666.7999878,439.5799866
09-12-2025,492.019989,317.75,656.960022,445.1700134
10-12-2025,478.5599976,321,650.1300049,451.4500122
11-12-2025,483.4700012,313.7000122,652.710022,446.8900146
12-12-2025,478.5299988,310.519989,644.2299805,458.9599915
15-12-2025,474.8200073,309.3200073,647.5100098,475.3099976
16-12-2025,476.3900146,307.730011,657.1500244,489.8800049
17-12-2025,476.1199951,298.0599976,649.5,467.2600098
18-12-2025,483.980011,303.75,664.4500122,483.3699951
